{"id":27,"timeInTutorial":68.29999542236328,"timeInLesson":371.9200134277344,"rooms":[{"condition":2,"time":166.01998901367188,"move":28.434066772460939,"clicks":3,"response1":true,"response2":false},{"condition":0,"time":109.9000244140625,"move":6.485381603240967,"clicks":6,"response1":false,"response2":true},{"condition":1,"time":122.72003173828125,"move":124.3928451538086,"clicks":6,"response1":true,"response2":true}]}