{"id":10,"timeInTutorial":94.5999984741211,"timeInLesson":341.8999938964844,"rooms":[{"condition":2,"time":95.97998046875,"move":32.12319564819336,"clicks":3,"response1":false,"response2":false},{"condition":1,"time":93.96002197265625,"move":122.0304946899414,"clicks":7,"response1":false,"response2":true},{"condition":0,"time":57.32000732421875,"move":18.74814224243164,"clicks":6,"response1":false,"response2":false}]}