{"id":18,"timeInTutorial":58.2599983215332,"timeInLesson":228.5600128173828,"rooms":[{"condition":1,"time":60.1199951171875,"move":72.78508758544922,"clicks":5,"response1":true,"response2":false},{"condition":0,"time":36.82000732421875,"move":5.730848789215088,"clicks":6,"response1":true,"response2":false},{"condition":2,"time":70.219970703125,"move":43.61845779418945,"clicks":4,"response1":true,"response2":true}]}