{"id":26,"timeInTutorial":86.54000091552735,"timeInLesson":438.7599792480469,"rooms":[{"condition":0,"time":154.77996826171876,"move":0.0,"clicks":5,"response1":false,"response2":false},{"condition":2,"time":182.85992431640626,"move":131.77259826660157,"clicks":4,"response1":false,"response2":false},{"condition":1,"time":138.60009765625,"move":153.92495727539063,"clicks":10,"response1":true,"response2":true}]}