{"id":16,"timeInTutorial":37.5,"timeInLesson":320.91998291015627,"rooms":[{"condition":2,"time":99.67999267578125,"move":23.232099533081056,"clicks":3,"response1":false,"response2":true},{"condition":1,"time":107.58001708984375,"move":101.2743911743164,"clicks":6,"response1":true,"response2":true},{"condition":0,"time":56.4000244140625,"move":0.0,"clicks":6,"response1":true,"response2":true}]}