{"id":25,"timeInTutorial":112.57999420166016,"timeInLesson":449.6399841308594,"rooms":[{"condition":0,"time":146.20001220703126,"move":11.79122257232666,"clicks":5,"response1":true,"response2":true},{"condition":1,"time":174.06005859375,"move":242.36248779296876,"clicks":6,"response1":true,"response2":true},{"condition":2,"time":172.8199462890625,"move":143.3158416748047,"clicks":4,"response1":true,"response2":true}]}