{"id":9,"timeInTutorial":78.91999816894531,"timeInLesson":344.739990234375,"rooms":[{"condition":2,"time":160.57998657226563,"move":37.076908111572269,"clicks":5,"response1":false,"response2":false},{"condition":0,"time":52.34002685546875,"move":9.230819702148438,"clicks":7,"response1":false,"response2":false},{"condition":1,"time":79.6800537109375,"move":105.30117797851563,"clicks":8,"response1":false,"response2":true}]}