{"id":32,"timeInTutorial":74.65999603271485,"timeInLesson":203.83999633789063,"rooms":[{"condition":0,"time":118.739990234375,"move":53.09536361694336,"clicks":5,"response1":true,"response2":false},{"condition":2,"time":129.5,"move":79.2574462890625,"clicks":4,"response1":false,"response2":true},{"condition":1,"time":177.53997802734376,"move":231.8265838623047,"clicks":7,"response1":true,"response2":true}]}