{"id":17,"timeInTutorial":46.119998931884769,"timeInLesson":831.3200073242188,"rooms":[{"condition":1,"time":252.05999755859376,"move":322.53521728515627,"clicks":8,"response1":false,"response2":true},{"condition":2,"time":176.89990234375,"move":134.05697631835938,"clicks":4,"response1":false,"response2":false},{"condition":0,"time":151.1800537109375,"move":62.73398208618164,"clicks":9,"response1":true,"response2":true}]}