{"id":7,"timeInTutorial":136.22000122070313,"timeInLesson":431.4800109863281,"rooms":[{"condition":0,"time":340.41998291015627,"move":48.642303466796878,"clicks":8,"response1":true,"response2":false},{"condition":1,"time":137.8399658203125,"move":116.81962585449219,"clicks":6,"response1":true,"response2":true},{"condition":2,"time":117.5599365234375,"move":55.52537536621094,"clicks":4,"response1":true,"response2":false}]}