{"id":12,"timeInTutorial":68.73999786376953,"timeInLesson":239.01998901367188,"rooms":[{"condition":1,"time":123.52001953125,"move":134.51239013671876,"clicks":5,"response1":true,"response2":true},{"condition":0,"time":56.47998046875,"move":0.0,"clicks":6,"response1":true,"response2":false},{"condition":2,"time":72.239990234375,"move":81.04811096191406,"clicks":4,"response1":false,"response2":false}]}