{"id":31,"timeInTutorial":45.2599983215332,"timeInLesson":336.8199768066406,"rooms":[{"condition":0,"time":124.0,"move":26.858318328857423,"clicks":10,"response1":true,"response2":false},{"condition":1,"time":85.79998779296875,"move":127.9374771118164,"clicks":6,"response1":true,"response2":true},{"condition":2,"time":80.65997314453125,"move":28.15760612487793,"clicks":4,"response1":false,"response2":false}]}