{"id":24,"timeInTutorial":80.6199951171875,"timeInLesson":371.1600036621094,"rooms":[{"condition":1,"time":299.7999572753906,"move":204.42239379882813,"clicks":6,"response1":true,"response2":true},{"condition":0,"time":190.29998779296876,"move":60.11296844482422,"clicks":8,"response1":false,"response2":false},{"condition":2,"time":111.699951171875,"move":63.89242935180664,"clicks":4,"response1":true,"response2":true}]}