{"id":28,"timeInTutorial":69.5,"timeInLesson":275.3599853515625,"rooms":[{"condition":2,"time":273.34002685546877,"move":141.74447631835938,"clicks":5,"response1":false,"response2":false},{"condition":1,"time":152.72003173828126,"move":216.26953125,"clicks":6,"response1":false,"response2":true},{"condition":0,"time":98.0399169921875,"move":13.316019058227539,"clicks":8,"response1":true,"response2":true}]}