{"id":13,"timeInTutorial":24.139999389648439,"timeInLesson":306.91998291015627,"rooms":[{"condition":0,"time":106.89999389648438,"move":28.666048049926759,"clicks":5,"response1":true,"response2":false},{"condition":1,"time":135.79998779296876,"move":106.33131408691406,"clicks":8,"response1":true,"response2":true},{"condition":2,"time":137.6400146484375,"move":58.901668548583987,"clicks":4,"response1":false,"response2":false}]}