{"id":22,"timeInTutorial":186.0800018310547,"timeInLesson":274.91998291015627,"rooms":[{"condition":2,"time":402.0999755859375,"move":41.67232131958008,"clicks":5,"response1":true,"response2":false},{"condition":1,"time":217.0400390625,"move":251.82688903808595,"clicks":6,"response1":true,"response2":true},{"condition":0,"time":85.39990234375,"move":7.697453498840332,"clicks":6,"response1":false,"response2":true}]}