{"id":33,"timeInTutorial":30.920000076293947,"timeInLesson":54.87999725341797,"rooms":[{"condition":2,"time":20.0,"move":23.468294143676759,"clicks":3,"response1":false,"response2":false},{"condition":0,"time":11.360000610351563,"move":5.0873894691467289,"clicks":6,"response1":false,"response2":false},{"condition":1,"time":15.8800048828125,"move":16.829845428466798,"clicks":6,"response1":false,"response2":false}]}