{"id":33,"timeInTutorial":82.83999633789063,"timeInLesson":283.8800048828125,"rooms":[{"condition":2,"time":209.79995727539063,"move":119.96456146240235,"clicks":5,"response1":true,"response2":false},{"condition":0,"time":153.05999755859376,"move":29.968915939331056,"clicks":6,"response1":false,"response2":true},{"condition":1,"time":135.260009765625,"move":174.74032592773438,"clicks":6,"response1":true,"response2":true}]}