{"id":14,"timeInTutorial":91.6199951171875,"timeInLesson":250.29998779296876,"rooms":[{"condition":0,"time":183.52001953125,"move":18.43414306640625,"clicks":7,"response1":true,"response2":true},{"condition":2,"time":67.739990234375,"move":23.893701553344728,"clicks":4,"response1":false,"response2":false},{"condition":1,"time":182.49993896484376,"move":113.84180450439453,"clicks":9,"response1":true,"response2":false}]}