{"id":29,"timeInTutorial":138.02000427246095,"timeInLesson":447.4599609375,"rooms":[{"condition":1,"time":225.84002685546876,"move":236.21923828125,"clicks":5,"response1":false,"response2":true},{"condition":2,"time":70.97998046875,"move":30.356346130371095,"clicks":4,"response1":true,"response2":true},{"condition":0,"time":94.4400634765625,"move":8.945821762084961,"clicks":6,"response1":true,"response2":false}]}