{"id":21,"timeInTutorial":13.420000076293946,"timeInLesson":34.1199951171875,"rooms":[{"condition":2,"time":52.560001373291019,"move":10.225627899169922,"clicks":3,"response1":false,"response2":false},{"condition":0,"time":38.339996337890628,"move":4.554758071899414,"clicks":6,"response1":false,"response2":false},{"condition":1,"time":36.339996337890628,"move":19.399024963378908,"clicks":6,"response1":false,"response2":false}]}