{"id":30,"timeInTutorial":105.91999816894531,"timeInLesson":394.239990234375,"rooms":[{"condition":1,"time":136.29995727539063,"move":156.69061279296876,"clicks":7,"response1":true,"response2":true},{"condition":0,"time":67.55999755859375,"move":0.0,"clicks":6,"response1":false,"response2":true},{"condition":2,"time":118.6400146484375,"move":53.809051513671878,"clicks":4,"response1":true,"response2":false}]}