{"id":33,"timeInTutorial":28.939998626708986,"timeInLesson":80.55999755859375,"rooms":[{"condition":2,"time":24.360000610351564,"move":19.95973014831543,"clicks":3,"response1":false,"response2":true},{"condition":0,"time":12.600006103515625,"move":4.3433072249854379e-8,"clicks":6,"response1":false,"response2":false},{"condition":1,"time":21.319992065429689,"move":33.62910461425781,"clicks":6,"response1":false,"response2":false}]}