{"id":1,"timeInTutorial":26.69999885559082,"timeInLesson":368.29998779296877,"rooms":[{"condition":0,"time":33.899993896484378,"move":5.524684429168701,"clicks":5,"response1":true,"response2":false},{"condition":1,"time":393.2200012207031,"move":139.60247802734376,"clicks":8,"response1":true,"response2":true},{"condition":2,"time":121.65997314453125,"move":37.47218704223633,"clicks":4,"response1":true,"response2":true}]}