{"id":2,"timeInTutorial":46.02000045776367,"timeInLesson":92.33999633789063,"rooms":[{"condition":0,"time":74.03999328613281,"move":0.0,"clicks":8,"response1":true,"response2":false},{"condition":2,"time":150.45999145507813,"move":44.54170227050781,"clicks":4,"response1":false,"response2":false},{"condition":1,"time":88.55999755859375,"move":111.04877471923828,"clicks":7,"response1":true,"response2":false}]}