{"id":33,"timeInTutorial":31.0,"timeInLesson":67.4000015258789,"rooms":[{"condition":2,"time":22.67999267578125,"move":15.75574016571045,"clicks":3,"response1":false,"response2":false},{"condition":0,"time":13.639999389648438,"move":0.00003864118116325699,"clicks":6,"response1":false,"response2":false},{"condition":1,"time":17.67999267578125,"move":25.61005401611328,"clicks":6,"response1":true,"response2":false}]}