{"id":15,"timeInTutorial":70.93999481201172,"timeInLesson":359.0,"rooms":[{"condition":2,"time":130.1199951171875,"move":47.39181137084961,"clicks":3,"response1":false,"response2":false},{"condition":0,"time":73.8199462890625,"move":23.00332260131836,"clicks":6,"response1":true,"response2":true},{"condition":1,"time":94.6400146484375,"move":79.35263061523438,"clicks":6,"response1":true,"response2":true}]}