{"id":3,"timeInTutorial":13.420000076293946,"timeInLesson":250.2799835205078,"rooms":[{"condition":2,"time":76.70001220703125,"move":21.087026596069337,"clicks":3,"response1":true,"response2":false},{"condition":0,"time":128.75997924804688,"move":9.18268484292836e-17,"clicks":6,"response1":true,"response2":false},{"condition":1,"time":85.0,"move":81.7689437866211,"clicks":6,"response1":true,"response2":true}]}