{"id":11,"timeInTutorial":101.04000091552735,"timeInLesson":310.6399841308594,"rooms":[{"condition":1,"time":104.17999267578125,"move":145.7470245361328,"clicks":7,"response1":true,"response2":true},{"condition":2,"time":103.44000244140625,"move":86.15010833740235,"clicks":4,"response1":false,"response2":false},{"condition":0,"time":72.5,"move":33.4613151550293,"clicks":6,"response1":true,"response2":true}]}