{"id":20,"timeInTutorial":69.73999786376953,"timeInLesson":319.0400085449219,"rooms":[{"condition":0,"time":90.0999755859375,"move":4.487989902496338,"clicks":5,"response1":false,"response2":false},{"condition":2,"time":109.02001953125,"move":51.38334655761719,"clicks":6,"response1":false,"response2":false},{"condition":1,"time":146.89996337890626,"move":242.66127014160157,"clicks":6,"response1":true,"response2":false}]}