{"id":4,"timeInTutorial":69.33999633789063,"timeInLesson":373.8800048828125,"rooms":[{"condition":2,"time":154.31997680664063,"move":22.692596435546876,"clicks":3,"response1":false,"response2":false},{"condition":1,"time":141.15997314453126,"move":153.18408203125,"clicks":6,"response1":false,"response2":true},{"condition":0,"time":86.260009765625,"move":14.180219650268555,"clicks":6,"response1":false,"response2":true}]}