{"id":19,"timeInTutorial":40.79999923706055,"timeInLesson":105.75999450683594,"rooms":[{"condition":0,"time":143.66000366210938,"move":25.155134201049806,"clicks":8,"response1":true,"response2":true},{"condition":1,"time":61.8399658203125,"move":77.21595764160156,"clicks":6,"response1":true,"response2":true},{"condition":2,"time":42.800048828125,"move":21.46683120727539,"clicks":4,"response1":true,"response2":true}]}