{"id":6,"timeInTutorial":88.29999542236328,"timeInLesson":247.08001708984376,"rooms":[{"condition":1,"time":88.13998413085938,"move":138.34390258789063,"clicks":5,"response1":false,"response2":true},{"condition":0,"time":257.260009765625,"move":78.20030975341797,"clicks":7,"response1":false,"response2":true},{"condition":2,"time":327.47998046875,"move":22.1976375579834,"clicks":4,"response1":true,"response2":true}]}