{"id":5,"timeInTutorial":94.9000015258789,"timeInLesson":429.5400085449219,"rooms":[{"condition":1,"time":265.29998779296877,"move":280.8747863769531,"clicks":5,"response1":true,"response2":true},{"condition":2,"time":104.4200439453125,"move":38.24600601196289,"clicks":4,"response1":true,"response2":false},{"condition":0,"time":121.0599365234375,"move":23.736936569213868,"clicks":6,"response1":true,"response2":true}]}