{"id":23,"timeInTutorial":55.05999755859375,"timeInLesson":652.760009765625,"rooms":[{"condition":1,"time":89.65997314453125,"move":96.48381042480469,"clicks":6,"response1":false,"response2":true},{"condition":2,"time":167.6800537109375,"move":78.21469116210938,"clicks":4,"response1":false,"response2":false},{"condition":0,"time":106.6800537109375,"move":35.12297439575195,"clicks":6,"response1":false,"response2":true}]}