{"id":8,"timeInTutorial":87.9000015258789,"timeInLesson":301.70001220703127,"rooms":[{"condition":0,"time":94.89999389648438,"move":0.0,"clicks":6,"response1":false,"response2":true},{"condition":2,"time":151.3399658203125,"move":21.994016647338868,"clicks":4,"response1":false,"response2":true},{"condition":1,"time":112.7401123046875,"move":112.33121490478516,"clicks":6,"response1":true,"response2":false}]}